PRAGMA foreign_keys=OFF;
BEGIN TRANSACTION;
CREATE TABLE "django_migrations" ("id" integer NOT NULL PRIMARY KEY AUTOINCREMENT, "app" varchar(255) NOT NULL, "name" varchar(255) NOT NULL, "applied" datetime NOT NULL);
INSERT INTO "django_migrations" VALUES(1,'contenttypes','0001_initial','2017-09-06 02:41:30.047557');
INSERT INTO "django_migrations" VALUES(2,'auth','0001_initial','2017-09-06 02:41:30.426256');
INSERT INTO "django_migrations" VALUES(3,'admin','0001_initial','2017-09-06 02:41:30.826622');
INSERT INTO "django_migrations" VALUES(4,'admin','0002_logentry_remove_auto_add','2017-09-06 02:41:31.249549');
INSERT INTO "django_migrations" VALUES(5,'contenttypes','0002_remove_content_type_name','2017-09-06 02:41:31.650224');
INSERT INTO "django_migrations" VALUES(6,'auth','0002_alter_permission_name_max_length','2017-09-06 02:41:32.028577');
INSERT INTO "django_migrations" VALUES(7,'auth','0003_alter_user_email_max_length','2017-09-06 02:41:32.440527');
INSERT INTO "django_migrations" VALUES(8,'auth','0004_alter_user_username_opts','2017-09-06 02:41:32.830314');
INSERT INTO "django_migrations" VALUES(9,'auth','0005_alter_user_last_login_null','2017-09-06 02:41:33.232897');
INSERT INTO "django_migrations" VALUES(10,'auth','0006_require_contenttypes_0002','2017-09-06 02:41:33.400165');
INSERT INTO "django_migrations" VALUES(11,'auth','0007_alter_validators_add_error_messages','2017-09-06 02:41:33.788579');
INSERT INTO "django_migrations" VALUES(12,'auth','0008_alter_user_username_max_length','2017-09-06 02:41:34.189586');
INSERT INTO "django_migrations" VALUES(13,'sessions','0001_initial','2017-09-06 02:41:34.545636');
INSERT INTO "django_migrations" VALUES(14,'cadastro','0001_initial','2017-09-06 09:09:42.125332');
INSERT INTO "django_migrations" VALUES(15,'cadastro','0002_igreja_sede_estadual','2017-09-06 09:48:36.896272');
INSERT INTO "django_migrations" VALUES(16,'cadastro','0003_evangelista_inativo','2017-09-06 10:26:29.923097');
CREATE TABLE "auth_group" ("id" integer NOT NULL PRIMARY KEY AUTOINCREMENT, "name" varchar(80) NOT NULL UNIQUE);
INSERT INTO "auth_group" VALUES(1,'Auxiliadoras');
INSERT INTO "auth_group" VALUES(2,'Coordenadores');
INSERT INTO "auth_group" VALUES(3,'Pastores');
CREATE TABLE "auth_group_permissions" ("id" integer NOT NULL PRIMARY KEY AUTOINCREMENT, "group_id" integer NOT NULL REFERENCES "auth_group" ("id"), "permission_id" integer NOT NULL REFERENCES "auth_permission" ("id"));
INSERT INTO "auth_group_permissions" VALUES(2,1,19);
INSERT INTO "auth_group_permissions" VALUES(1,1,20);
INSERT INTO "auth_group_permissions" VALUES(5,1,23);
INSERT INTO "auth_group_permissions" VALUES(3,1,28);
INSERT INTO "auth_group_permissions" VALUES(4,1,29);
INSERT INTO "auth_group_permissions" VALUES(6,2,19);
INSERT INTO "auth_group_permissions" VALUES(7,2,20);
INSERT INTO "auth_group_permissions" VALUES(8,2,22);
INSERT INTO "auth_group_permissions" VALUES(9,2,23);
INSERT INTO "auth_group_permissions" VALUES(10,2,28);
INSERT INTO "auth_group_permissions" VALUES(11,2,29);
INSERT INTO "auth_group_permissions" VALUES(12,3,19);
INSERT INTO "auth_group_permissions" VALUES(13,3,20);
INSERT INTO "auth_group_permissions" VALUES(14,3,22);
INSERT INTO "auth_group_permissions" VALUES(15,3,23);
INSERT INTO "auth_group_permissions" VALUES(16,3,25);
INSERT INTO "auth_group_permissions" VALUES(17,3,26);
INSERT INTO "auth_group_permissions" VALUES(18,3,28);
INSERT INTO "auth_group_permissions" VALUES(19,3,29);
CREATE TABLE "auth_user_groups" ("id" integer NOT NULL PRIMARY KEY AUTOINCREMENT, "user_id" integer NOT NULL REFERENCES "auth_user" ("id"), "group_id" integer NOT NULL REFERENCES "auth_group" ("id"));
CREATE TABLE "auth_user_user_permissions" ("id" integer NOT NULL PRIMARY KEY AUTOINCREMENT, "user_id" integer NOT NULL REFERENCES "auth_user" ("id"), "permission_id" integer NOT NULL REFERENCES "auth_permission" ("id"));
CREATE TABLE "django_admin_log" ("id" integer NOT NULL PRIMARY KEY AUTOINCREMENT, "object_id" text NULL, "object_repr" varchar(200) NOT NULL, "action_flag" smallint unsigned NOT NULL, "change_message" text NOT NULL, "content_type_id" integer NULL REFERENCES "django_content_type" ("id"), "user_id" integer NOT NULL REFERENCES "auth_user" ("id"), "action_time" datetime NOT NULL);
INSERT INTO "django_admin_log" VALUES(1,'1','Catedral de Realengo',1,'[{"added": {}}]',10,1,'2017-09-06 09:46:08.881282');
INSERT INTO "django_admin_log" VALUES(2,'2','Mallet',1,'[{"added": {}}]',10,1,'2017-09-06 09:46:23.234151');
INSERT INTO "django_admin_log" VALUES(3,'3','Catedral de Del Castilho',1,'[{"added": {}}]',10,1,'2017-09-06 09:47:57.272021');
INSERT INTO "django_admin_log" VALUES(4,'3','Catedral de Del Castilho',2,'[{"changed": {"fields": ["sede_estadual"]}}]',10,1,'2017-09-06 09:48:59.008813');
INSERT INTO "django_admin_log" VALUES(5,'4','Senador Camará',1,'[{"added": {}}]',10,1,'2017-09-06 09:49:18.783050');
INSERT INTO "django_admin_log" VALUES(6,'1','Digital',1,'[{"added": {}}]',8,1,'2017-09-06 09:49:30.150342');
INSERT INTO "django_admin_log" VALUES(7,'2','Anjos da Madrugada',1,'[{"added": {}}]',8,1,'2017-09-06 09:49:38.255785');
INSERT INTO "django_admin_log" VALUES(8,'3','Hospital',1,'[{"added": {}}]',8,1,'2017-09-06 09:49:44.372421');
INSERT INTO "django_admin_log" VALUES(9,'4','Resgate',1,'[{"added": {}}]',8,1,'2017-09-06 09:49:52.624977');
INSERT INTO "django_admin_log" VALUES(10,'5','Evg em Ação',1,'[{"added": {}}]',8,1,'2017-09-06 09:50:00.012177');
INSERT INTO "django_admin_log" VALUES(11,'6','Presídio',1,'[{"added": {}}]',8,1,'2017-09-06 09:50:12.484319');
INSERT INTO "django_admin_log" VALUES(12,'7','Agente da Comunidade',1,'[{"added": {}}]',8,1,'2017-09-06 09:50:19.056873');
INSERT INTO "django_admin_log" VALUES(13,'8','Núcleo no Lar',1,'[{"added": {}}]',8,1,'2017-09-06 09:50:25.776949');
INSERT INTO "django_admin_log" VALUES(14,'1','Coordenador',1,'[{"added": {}}]',9,1,'2017-09-06 09:52:22.995427');
INSERT INTO "django_admin_log" VALUES(15,'2','Vice-coordenador',1,'[{"added": {}}]',9,1,'2017-09-06 09:52:34.982003');
INSERT INTO "django_admin_log" VALUES(16,'3','Auxiliadora',1,'[{"added": {}}]',9,1,'2017-09-06 09:52:42.986632');
INSERT INTO "django_admin_log" VALUES(17,'4','Pastor',1,'[{"added": {}}]',9,1,'2017-09-06 09:52:48.879726');
INSERT INTO "django_admin_log" VALUES(18,'5','Componente',1,'[{"added": {}}]',9,1,'2017-09-06 09:53:08.523400');
INSERT INTO "django_admin_log" VALUES(19,'1','Carlos Alberto de Souza',1,'[{"added": {}}]',7,1,'2017-09-06 09:54:32.401442');
INSERT INTO "django_admin_log" VALUES(20,'2','Carlos Eduardo Peixoto',1,'[{"added": {}}]',7,1,'2017-09-06 09:55:42.539253');
INSERT INTO "django_admin_log" VALUES(21,'1','Auxiliadoras',1,'[{"added": {}}]',2,1,'2017-09-06 10:05:31.459797');
INSERT INTO "django_admin_log" VALUES(22,'2','Coordenadores',1,'[{"added": {}}]',2,1,'2017-09-06 10:06:52.881552');
INSERT INTO "django_admin_log" VALUES(23,'3','Pastores',1,'[{"added": {}}]',2,1,'2017-09-06 10:08:03.580402');
INSERT INTO "django_admin_log" VALUES(24,'3','Carol de Sousa',1,'[{"added": {}}]',7,1,'2017-09-06 10:22:12.503817');
INSERT INTO "django_admin_log" VALUES(25,'4','Sara Rodrigues de Souza',1,'[{"added": {}}]',7,1,'2017-09-06 10:22:52.228834');
INSERT INTO "django_admin_log" VALUES(26,'5','Aguida da Silva',1,'[{"added": {}}]',7,1,'2017-09-06 10:23:49.813870');
INSERT INTO "django_admin_log" VALUES(27,'6','Danniel Librelon',1,'[{"added": {}}]',7,1,'2017-09-06 10:24:51.682559');
CREATE TABLE "django_content_type" ("id" integer NOT NULL PRIMARY KEY AUTOINCREMENT, "app_label" varchar(100) NOT NULL, "model" varchar(100) NOT NULL);
INSERT INTO "django_content_type" VALUES(1,'admin','logentry');
INSERT INTO "django_content_type" VALUES(2,'auth','group');
INSERT INTO "django_content_type" VALUES(3,'auth','permission');
INSERT INTO "django_content_type" VALUES(4,'auth','user');
INSERT INTO "django_content_type" VALUES(7,'cadastro','evangelista');
INSERT INTO "django_content_type" VALUES(9,'cadastro','funcao');
INSERT INTO "django_content_type" VALUES(10,'cadastro','igreja');
INSERT INTO "django_content_type" VALUES(8,'cadastro','projeto');
INSERT INTO "django_content_type" VALUES(5,'contenttypes','contenttype');
INSERT INTO "django_content_type" VALUES(6,'sessions','session');
CREATE TABLE "auth_permission" ("id" integer NOT NULL PRIMARY KEY AUTOINCREMENT, "content_type_id" integer NOT NULL REFERENCES "django_content_type" ("id"), "codename" varchar(100) NOT NULL, "name" varchar(255) NOT NULL);
INSERT INTO "auth_permission" VALUES(1,1,'add_logentry','Can add log entry');
INSERT INTO "auth_permission" VALUES(2,1,'change_logentry','Can change log entry');
INSERT INTO "auth_permission" VALUES(3,1,'delete_logentry','Can delete log entry');
INSERT INTO "auth_permission" VALUES(4,2,'add_group','Can add group');
INSERT INTO "auth_permission" VALUES(5,2,'change_group','Can change group');
INSERT INTO "auth_permission" VALUES(6,2,'delete_group','Can delete group');
INSERT INTO "auth_permission" VALUES(7,3,'add_permission','Can add permission');
INSERT INTO "auth_permission" VALUES(8,3,'change_permission','Can change permission');
INSERT INTO "auth_permission" VALUES(9,3,'delete_permission','Can delete permission');
INSERT INTO "auth_permission" VALUES(10,4,'add_user','Can add user');
INSERT INTO "auth_permission" VALUES(11,4,'change_user','Can change user');
INSERT INTO "auth_permission" VALUES(12,4,'delete_user','Can delete user');
INSERT INTO "auth_permission" VALUES(13,5,'add_contenttype','Can add content type');
INSERT INTO "auth_permission" VALUES(14,5,'change_contenttype','Can change content type');
INSERT INTO "auth_permission" VALUES(15,5,'delete_contenttype','Can delete content type');
INSERT INTO "auth_permission" VALUES(16,6,'add_session','Can add session');
INSERT INTO "auth_permission" VALUES(17,6,'change_session','Can change session');
INSERT INTO "auth_permission" VALUES(18,6,'delete_session','Can delete session');
INSERT INTO "auth_permission" VALUES(19,7,'add_evangelista','Can add evangelista');
INSERT INTO "auth_permission" VALUES(20,7,'change_evangelista','Can change evangelista');
INSERT INTO "auth_permission" VALUES(21,7,'delete_evangelista','Can delete evangelista');
INSERT INTO "auth_permission" VALUES(22,8,'add_projeto','Can add projeto');
INSERT INTO "auth_permission" VALUES(23,8,'change_projeto','Can change projeto');
INSERT INTO "auth_permission" VALUES(24,8,'delete_projeto','Can delete projeto');
INSERT INTO "auth_permission" VALUES(25,9,'add_funcao','Can add funcao');
INSERT INTO "auth_permission" VALUES(26,9,'change_funcao','Can change funcao');
INSERT INTO "auth_permission" VALUES(27,9,'delete_funcao','Can delete funcao');
INSERT INTO "auth_permission" VALUES(28,10,'add_igreja','Can add igreja');
INSERT INTO "auth_permission" VALUES(29,10,'change_igreja','Can change igreja');
INSERT INTO "auth_permission" VALUES(30,10,'delete_igreja','Can delete igreja');
CREATE TABLE "auth_user" ("id" integer NOT NULL PRIMARY KEY AUTOINCREMENT, "password" varchar(128) NOT NULL, "last_login" datetime NULL, "is_superuser" bool NOT NULL, "first_name" varchar(30) NOT NULL, "last_name" varchar(30) NOT NULL, "email" varchar(254) NOT NULL, "is_staff" bool NOT NULL, "is_active" bool NOT NULL, "date_joined" datetime NOT NULL, "username" varchar(150) NOT NULL UNIQUE);
INSERT INTO "auth_user" VALUES(1,'pbkdf2_sha256$36000$5NyZXskNvGDr$+DmHnmoE7uQLb3Ah9avH5qnKVudCZNyipQXPsW/K7jc=','2017-09-06 02:42:50.997865',1,'','','',1,1,'2017-09-06 02:42:37.130939','carlosadean');
CREATE TABLE "django_session" ("session_key" varchar(40) NOT NULL PRIMARY KEY, "session_data" text NOT NULL, "expire_date" datetime NOT NULL);
INSERT INTO "django_session" VALUES('hyg1x65daxkrbsvw68dj1n2ck9wonkyo','YTIxNjQxYzA4NWU2YzRhODViNTM4NTlkNWE5N2I4MjNjODc2NTM0ZTp7Il9hdXRoX3VzZXJfaGFzaCI6IjRlMmNmNjhhMGY3MmRlMWIyMWVjMTc4YTAzNTQ2ZTRiODE0NjgwNTQiLCJfYXV0aF91c2VyX2JhY2tlbmQiOiJkamFuZ28uY29udHJpYi5hdXRoLmJhY2tlbmRzLk1vZGVsQmFja2VuZCIsIl9hdXRoX3VzZXJfaWQiOiIxIn0=','2017-09-20 02:42:51.176452');
CREATE TABLE "cadastro_funcao" ("id" integer NOT NULL PRIMARY KEY AUTOINCREMENT, "nome" varchar(50) NOT NULL);
INSERT INTO "cadastro_funcao" VALUES(1,'Coordenador');
INSERT INTO "cadastro_funcao" VALUES(2,'Vice-coordenador');
INSERT INTO "cadastro_funcao" VALUES(3,'Auxiliadora');
INSERT INTO "cadastro_funcao" VALUES(4,'Pastor');
INSERT INTO "cadastro_funcao" VALUES(5,'Componente');
CREATE TABLE "cadastro_projeto" ("id" integer NOT NULL PRIMARY KEY AUTOINCREMENT, "nome" varchar(50) NOT NULL);
INSERT INTO "cadastro_projeto" VALUES(1,'Digital');
INSERT INTO "cadastro_projeto" VALUES(2,'Anjos da Madrugada');
INSERT INTO "cadastro_projeto" VALUES(3,'Hospital');
INSERT INTO "cadastro_projeto" VALUES(4,'Resgate');
INSERT INTO "cadastro_projeto" VALUES(5,'Evg em Ação');
INSERT INTO "cadastro_projeto" VALUES(6,'Presídio');
INSERT INTO "cadastro_projeto" VALUES(7,'Agente da Comunidade');
INSERT INTO "cadastro_projeto" VALUES(8,'Núcleo no Lar');
CREATE TABLE "cadastro_igreja" ("id" integer NOT NULL PRIMARY KEY AUTOINCREMENT, "nome" varchar(50) NOT NULL, "email" varchar(50) NOT NULL, "sede_regional" bool NOT NULL, "sede_bloco" bool NOT NULL, "sede_estadual" bool NOT NULL);
INSERT INTO "cadastro_igreja" VALUES(1,'Catedral de Realengo','evgrealengo@gmail.com',1,1,0);
INSERT INTO "cadastro_igreja" VALUES(2,'Mallet','evgmallet@gmail.com',1,0,0);
INSERT INTO "cadastro_igreja" VALUES(3,'Catedral de Del Castilho','evgriodejaneiro@gmail.com',1,1,1);
INSERT INTO "cadastro_igreja" VALUES(4,'Senador Camará','evgsenadorcamara@gmail.com',1,0,0);
CREATE TABLE "cadastro_evangelista" ("id" integer NOT NULL PRIMARY KEY AUTOINCREMENT, "nome" varchar(200) NOT NULL, "data_nascimento" date NOT NULL, "data_entrada_evg" date NOT NULL, "foto_perfil" varchar(100) NOT NULL, "funcao_id" integer NOT NULL REFERENCES "cadastro_funcao" ("id"), "igreja_id" integer NOT NULL REFERENCES "cadastro_igreja" ("id"), "projeto_id" integer NOT NULL REFERENCES "cadastro_projeto" ("id"), "inativo" bool NOT NULL);
INSERT INTO "cadastro_evangelista" VALUES(1,'Carlos Alberto de Souza','1960-09-06','2010-09-06','',1,1,1,0);
INSERT INTO "cadastro_evangelista" VALUES(2,'Carlos Eduardo Peixoto','1979-09-06','2015-09-06','',1,1,3,0);
INSERT INTO "cadastro_evangelista" VALUES(3,'Carol de Sousa','1990-09-06','2014-09-06','',1,3,1,0);
INSERT INTO "cadastro_evangelista" VALUES(4,'Sara Rodrigues de Souza','1988-03-15','2015-08-01','',5,3,5,0);
INSERT INTO "cadastro_evangelista" VALUES(5,'Aguida da Silva','1990-01-01','2013-04-01','',3,1,5,0);
INSERT INTO "cadastro_evangelista" VALUES(6,'Danniel Librelon','1980-07-03','2017-04-17','',4,3,5,0);
DELETE FROM sqlite_sequence;
INSERT INTO "sqlite_sequence" VALUES('django_migrations',16);
INSERT INTO "sqlite_sequence" VALUES('django_admin_log',27);
INSERT INTO "sqlite_sequence" VALUES('django_content_type',10);
INSERT INTO "sqlite_sequence" VALUES('auth_permission',30);
INSERT INTO "sqlite_sequence" VALUES('auth_user',1);
INSERT INTO "sqlite_sequence" VALUES('cadastro_igreja',4);
INSERT INTO "sqlite_sequence" VALUES('cadastro_projeto',8);
INSERT INTO "sqlite_sequence" VALUES('cadastro_funcao',5);
INSERT INTO "sqlite_sequence" VALUES('auth_group',3);
INSERT INTO "sqlite_sequence" VALUES('auth_group_permissions',19);
INSERT INTO "sqlite_sequence" VALUES('cadastro_evangelista',6);
CREATE UNIQUE INDEX "auth_group_permissions_group_id_permission_id_0cd325b0_uniq" ON "auth_group_permissions" ("group_id", "permission_id");
CREATE INDEX "auth_group_permissions_group_id_b120cbf9" ON "auth_group_permissions" ("group_id");
CREATE INDEX "auth_group_permissions_permission_id_84c5c92e" ON "auth_group_permissions" ("permission_id");
CREATE UNIQUE INDEX "auth_user_groups_user_id_group_id_94350c0c_uniq" ON "auth_user_groups" ("user_id", "group_id");
CREATE INDEX "auth_user_groups_user_id_6a12ed8b" ON "auth_user_groups" ("user_id");
CREATE INDEX "auth_user_groups_group_id_97559544" ON "auth_user_groups" ("group_id");
CREATE UNIQUE INDEX "auth_user_user_permissions_user_id_permission_id_14a6b632_uniq" ON "auth_user_user_permissions" ("user_id", "permission_id");
CREATE INDEX "auth_user_user_permissions_user_id_a95ead1b" ON "auth_user_user_permissions" ("user_id");
CREATE INDEX "auth_user_user_permissions_permission_id_1fbb5f2c" ON "auth_user_user_permissions" ("permission_id");
CREATE INDEX "django_admin_log_content_type_id_c4bce8eb" ON "django_admin_log" ("content_type_id");
CREATE INDEX "django_admin_log_user_id_c564eba6" ON "django_admin_log" ("user_id");
CREATE UNIQUE INDEX "django_content_type_app_label_model_76bd3d3b_uniq" ON "django_content_type" ("app_label", "model");
CREATE UNIQUE INDEX "auth_permission_content_type_id_codename_01ab375a_uniq" ON "auth_permission" ("content_type_id", "codename");
CREATE INDEX "auth_permission_content_type_id_2f476e4b" ON "auth_permission" ("content_type_id");
CREATE INDEX "django_session_expire_date_a5c62663" ON "django_session" ("expire_date");
CREATE INDEX "cadastro_evangelista_funcao_id_07b5c58e" ON "cadastro_evangelista" ("funcao_id");
CREATE INDEX "cadastro_evangelista_igreja_id_f36135b3" ON "cadastro_evangelista" ("igreja_id");
CREATE INDEX "cadastro_evangelista_projeto_id_d54c03bb" ON "cadastro_evangelista" ("projeto_id");
COMMIT;
